id,question,question_concept,answerKey,Option_A,Option_B,Option_C,Option_D,Option_E
c0d75f9fbf30aa3a612f16edb20d6b8d,"The man took paperwork to other people to consult over it, where was he heading?",paperwork,B,desk,meeting,office,table,work
c21ec5b367f409a0288d616f626555ae,"If a person is working a lot, what are they likely trying to earn?",person,A,much money,own house,creativity,new car,caregiver
e6586bba9fe96d38792e6e6d4f2703dc,Where can you put a picture frame when it's not hung vertically?,picture,E,art show,wall,newspaper,car,table
1e5a138b4c7d456c37abf4990b402bbe,"He had no issue committing perjury, he had a what that he would get away with it?",committing perjury,A,confidence,go to jail,telling lies,lying,manual
2634468d21fa33a88cefe28a5d613f59,"The boat passenger was explaining his fear of blowfish, but the captain figured he meant piranhas since they were on a river in the what?",blowfish,E,cuba,styx,atlantic ocean,france,jungle
ceafca2445b1b974d085a8cce38e8e44,What city will likely have many parking structures?,parking structure,A,chicago,big city,large city building,environment,college campus
66bfb6e209c94e6be5b0d04b0c7e2064,Where could you find only a few office?,office,C,skyscraper,new york,school building,city,work
5ef6cdb85468df482e3aa6fa339d6e41,Where can you find a restaurant's phone number?,restaurant,A,yellow pages,town,business sector,town,at hotel
eee8cb7a0d806a62d2de24831f82e3e1,"The inspector was agreeing with the factory protocols, what was the status of the factory?",agreeing with,A,compliance,eligible,contract,harmony,friendship
54231f875bb7fe4d3e4afb6eae64387c,What part of plants is pretty?,plants,D,dirt,no neurons in,millions of cells,flowers on,roots
eee9476bf29498b7d74b043afe316fc6,Where do apples form on an apple tree?,apple tree,D,south africa,sunshine,new york,bloom,trunk
67ffcb4c3f2c6a1155e356f8a15ed250,"They were making sauerkraut, the instructor explained the liquid should be above the cabbage in the what?",liquid,A,jar,drinking glass,pot,container,can
5cac4da628f0a58db980649079bd5784,John farms anemone in what type of facility?,anemone,D,michigan,swimming pool,atlantic ocean,nursery,gulf of mexico
7776b10c7bb96f3fe5e026678673634d,What do people want to acquire from opening business?,opening business,B,home,wealth,bankruptcy,lose money,get rich
275c859994f7d3acd3c8863be591ab2c,When you need to rest it's often because you have been doing what?,rest,E,action,sleep,sleeping,in motion,using energy
9bac07574c966cae34c85e9f25538cba,"John didn't mind getting in line.  It was what game after that he hated.  The time, the sore feet. He did not like doing what?",getting in line,B,have to wait for,standing in line,eat cake,less confusion,being ordered
f0d473701d52125dd055d23042de1b0d,"The dog curled up for a nap, it was tuckered out because it had just been what?",dog,A,walked,petted,affection,go outside,scratch
c3b7f4196b12714940ac1b9417194df4,Where is a statute found on a platform?,platform,D,below,arena,concert hall,museum,building
418913999c665ae9527fd14a6132da39,What will likely happen after stabbing to death a person?,stabbing to death,B,gruesome,being arrested,pool of blood,mess,grisly
3d79c10ddf26a5ed7dc0bb168fb0b3ed,"The man didn't do great in college, all his best memories were late night with his brothers at the what?",college,B,big city,fraternity house,school,building,big town
37644422df4bcd28b3f54bbf3fc2c0f8,"They had to know where to go, they got on the national highway after consulting the what?",national highway,B,canada,atlas,united states,major cities,book
84a761f516efce04ab27d7ca8dd25255,Traveling from new place to new place is likely to be what?,traveling,B,going somewhere,exhilarating,diarrhea,relocation,exhausting
0bf4d64ad0eee7224acb3a4eb85accb2,What happens when to ice when it is in the sun?,ice,B,carved,melted,ice cream,antarctica,sculptured
e34a0d1331c6bd4574ffe308e3fbd389,"When a person admits his mistakes, what are they doing?",person,E,accident,learn to swim,thank god,feel relieved,act responsibly
b7091d2bfcea421d787ce9e7982f104a,In a horror movie victims usually trip when the run in order to do what in regards to the killer?,run,C,frightened,run up stairs,get away from,go quickly,go faster
34b2d6aecdb5af8efacf0b0aa7e3989f,Where does one store fabric in their own home?,fabric,A,sewing room,clothing store,tailor shop,clothes store,cotton mill
01794dde3ca2991615f1aa2f63fb22e3,"As he looked out the window, he knew the landing was happening soon, and it made him nervous, but where would he be soon?",landing,E,apartment building,disembark,stairwell,deplane,airport
fde1f9bfc33da302449c0b950d16c0ea,Most people make stupid assumptions that are based on their prejudices.  What might they do instead to achieve better outcomes?,most people,B,set table,think,read books,play games,lie
a7d51b753c2113d8b2dbd0ebb5375855,James's nice asked him about her grandfather. She was interested in learning about what?,niece,A,family tree,family reunion,babysitting,brother's house,heirlooms
c770870c88f35f9d110217049c5a7334,"She was in an affair, what did that end upon discovery by her husband?",affair,B,relationship,marriage,fidelity,love,divorce
467a3b464b08b3ffc9922e2a726554f6,"The family wanted to adopt for enviro-ethical reasons, what did they abhor?",adopt,B,orphan,biological child,give away,foster child,abandon
ea8664e77205224154f8519f922220e1,John felt that his actions were fate.   Harry said that he could have always made a different what?,fate,B,free will,choice,will,alcohol,freedom
7c62637437ad7515452886074010a438,Why would a woman kill a stranger she met in a dark alley?,kill,A,being raped,get rid of,they didn't know the passcode,get revenge,were evil
1feb4c2a0e8ed638259f5d27b16eae9a,Where does a wild bird usually live?,bird,C,cage,sky,countryside,desert,windowsill
846bc47ced7119ad2ee19a8780d7fe18,What will you put on a pen to prevent it from drying out?,pens,D,write sentences on paper,ink in,ink cartridges,caps,cling film
6e433471d0e2590b8c73ceef275022b1,James knew that he shouldn't have been buying beer for minors.  He didn't even get paid for it.  Why was this bad?,buying beer,D,lose money,fun,have no money,broken law,relaxation
3eb397b96b6c3a245c81ab30205943f1,Danny is having fun just dancing and singing with his friends. He wasn't concerned with things that weren't fun. For him having fun is the same as what?,having fun,C,injuries,smiling,being happy,glee,jump
6eb57102b44ab74163d8f9821cbdabd0,What type of demands to the unions need to be making to go off strike?,go off strike,A,reasonable,more money,not go to work,return to work,union
3c1800e7dd96d37fdd3c51b9fe502342,"james told his son to settle down and be careful.  There were many frogs mating in the area, and James didn't want his son to do what to them?",settle,D,wander,migrate,scare,disturb,agitate
6c70d98cfb8e97fda8caefcee761a229,Zane doesn't like answering questions.  He's not good at it because he suffers from what?,answering questions,D,panic,discussion,attention,confusion,satisfaction
e151b44e0a7bf08a1dd3c861eef09161,What may I place the telephone on?,telephone,C,bar,friend's house,desktop,party,office
985a4f1a3f31f1ba6654f4fc48f504df,To get clean clothes you to what to them?,clean clothes,D,get dirty,writing,use water,launder,soap
81f5e741d970578867495ceea5a0c848,When a group of people are talking at work they might be doing what?,talking,C,having a concert.,cough,sharing of ideas,speak,sneeze
29c194d032a266a7160bff6f546a4d9d,Where is one likely to find poker chips?,chips,D,supermarket,pantry,motherboard,bar,bar
7e522a60756f854c5331125f998bc36b,What kind of food makes someone sick?,food,D,boat,necessary to live,edible,unhealthy,kitchen
ea82f9e938cbfce85fb498ce46264253,What will a person do at work?,person,C,cross street,draw attention to themselves,make money,falling down,come home
2dd138a63b5895cf737ced793cc668e7,"If you take the risk buying a used car, you still hope it can what?",car,E,go fast,start running,going too fast,look good,last several years
f7140f00ddd8d1c5d93b05ea32ad1fff,"Many people wanted to leave their country estates for row houses, what did they need to move to?",row house,D,living less expensively,england,prison,city,town
6b270159bd402ddd498a38153f9d1efe,"The rats were hiding in the house, where were they?",rats,E,sewers,laboratory,basement,clinic,cellar
67beae081a9b5ef56988f205f80cf129,If you're a child answering questions and an adult is asking them that adult is doing what?,answering questions,C,discussion,explaning,teaching,confusion,correct
d1d2585e0ba1160948b7c5822a99b7a1,Where would you buy food?,food,B,freezer,store,home,hatred,kitchen
b7ab4a5e0c19a98f41cd1ba3176f2dff,The department to where vendors deliver goods for sale is called what?,deliver,C,delivered,take away,receiving,pick up,keep
de0386024f32cdf277a785a851b97544,Where could a personal ficus live?,ficus,C,cabin in the woods,california,front yard,conservatory,tropical forest
adbddc80b10bf25f09c6c2bee4e3c59b,"Where can you buy a clock, clothing and wrenches?",clock,E,counter,train station,school room,desk,department store
2729d8502208c25d8e9293cd4e8ecbb5,What can disease destroy?,disease,C,rug,third world country,human body,hospital,building
78d1218aeff70a70904767349e3c4c53,Brawn opened the curtains so that the sun could do what?,sun,C,dry clothes,warm house,warm room,shine brightly,get dark
dea70fe40fac9ad03bf319bf8a480efa,What happens when airplane engines cut off and are unable to be restarted in flight?,airplanes,D,stall,start melting,taxi,crash,speed up
cf02cca40a47c2deefd8b2e5a5ff2f70,She wanted a kitten and puppy so why did she only get the puppy?,puppy,A,one choice for pet,cute,kennel,soft,waxy
ab8bf60f76bc6119459271140ccae781,"Before lifting weights he liked to warm up on the squash court, he really enjoyed the facilities of the what?",squash court,D,swimming pool,rich person's house,country club,fitness center,park
5279a2ea333ba8a5bf3a7637a7279da1,Batman bought beer.  There were no bottles available.  He had to settle for what?.,beer,D,shelf,soccer game,keg,can,refrigerator
0611dfbf5114084723d75f59b4f67412,What do you use to carry your briefcase?,briefcase,E,office building,school,courtroom,airport,hand
b3dc6d6a5e2f9d7da8eb72816c80b3f8_1,"The goal was to hit the target, but a projectile ball can't hit anything if it isn't in what?",projectile ball,A,motion,ocean,flintlock,arcade,tennis court
b8b287b6277fccd4b7c9c72577177328,Where could you find a toilet that only friends can use?,toilet,D,rest area,school,stadium,apartment,hospital
ede4d302fc2ffe07703158f83c1493f2,"If there is a place that is hot and arid, what could it be?",hot,B,bland,lifeless,sandy,neutral,freezing
536c9af0fae0aa75b32874dfcac66353,Where would you find an office worker gossiping with their colleagues?,person,A,water cooler,space shuttle,baby shower,bus stop,family
cdd3d074031fbd3efeb4f9408abef04e,What very cold area in the east can a crab be found?,crab,C,fish market,shallow waters,atlantic ocean,fresh water,shore line
ed50555f8db2b8f66caf9868dcd7e13b,"No matter what date you put on it, we all know the universe to be what?",universe,A,very old,infiniverse,getting younger,infinite,real
5a7f6fd97b2c9ad05f773bc8b2ecf441,How can a human cross a river and not mess up their hair?,river,D,wisconsin,waterfall,hatred,bridge,valley
4f23829b96b38b5633ecc3325281726d,John rode on the plain until it reached the ocean and couldn't go any farther. What might he have bee on?,plain,D,mountain,fancy,sandplain,cliff,gorge
beef0aa2058297904bb4acc1dc340c85,When is the worst time for having food?,having food,B,digesting,not hungry,gas,weight gain,feeling of fullness
b42ef8be1748c19fa5938de5396f8fad,"The man started to learn jogging, what was he hoping to do?",jogging,B,exhaustion,getting in shape,fitness,injure himself,fatigue
7bc1198664b376f79d584725ad7f874b,What is likely to be found in a book that is not a foreword?,foreword,E,last word,conclusion,ikea instructions,afterword,epilogue
d0bda97a087904320216e4d0b8a08a8d,"The man was giving assistance to a pan handler in the streets, how did he give assistance?",giving assistance,D,feeling good,killing,law suits,out of pocket,feel loved
eb0e0c4eaf19c1e9b4df3b4d3a11be3d,Many towns and cities have trash cans where on sidewalks?,trash can,C,hospital,park,corner,motel,office
435a728f45d32faa4b3c4553c966fd6b,"If I was getting drunk, and people couldn't understand me, what might I be having?",getting drunk,B,a seizure,slurred speech,death,forgetfulness,pass out
b4f79ca5f3595248ee25292ab60ad105,"At the end of the day as he began to eat he paused and thanked her, it wasn't often she would what?",eat,A,cook dinner,did chores,make food,stretch out,get food
d581e0ad6a4c89465dc1a527bd2d3f77,"Though she had a disability, what did her encouraging and positive coach see in her?",disability,E,qualification,strength,pity,competence,potential
8058c566a4f488033d00e6520b17caea,"John was not happy with his marriage. He and his wife drifted apart.     All and all, recent turns could be described as what?",happy,D,inappropriate,sadness,unsatisfied,unfortunate,disenchanted
5ac83e9e6fa9851ad3cccb0d57c1d88f,What would encourage someone to continue playing tennis?,playing tennis,E,becoming tired,tennis elbow,exercise,hunger,victory
e3c9e83c0c62d842de2dfe229f5e6d41,What happens someone who is bad play poker?,play poker,E,think,ante up,drink,win money,losing money
7ec11eeca4221795c117943ca2639e86,Colorful anemone look somewhat like what object you find on window sills?,anemone,D,intertidal zone,coral sea,under water,flower bed,florida keys
b47d912136e3304cb5e5890b6b879551,Talking to the same person about the same thing over and over again is something someone can what?,talking to,D,social life,friendship,eye contact,get tired of,learn lessons from
5b8a3081c3235d62bc77e2d15f3ad454,A town between two mountains is located in a what?,town,A,valley,hospital,state,train station,michigan
866ef7266d34c11e5a1b3df49fab96a4,Joe and Jill didn't want their children to be sedentary.  They might limit the time they children spend doing what?,children,D,play sports,throw things,reading,watch tv,play with toys
950af0b765c298960ce3dada66df8db1,"The freeway had no traffic and few buildings, where is it?",freeway,B,california,countryside,big town,florida,america
042898e0c71adac5d123aaa6221c9754,Where is likely to not just have a kosher restaurant?,kosher restaurant,D,jerusalem,jewish neighborhoods,dining in,new york city,dining
533599262a5dae7c7137cfe69e0e24fb,"There was a long cottage somewhere.  People thought it was haunted.  It was overgrown, there was nothing near it.  It's was far into the what?",cottage,B,mountains,countryside,train,painting,village
fff554fffa1a0adc64b8d1e21d55534b,John didn't care about style.  He felt that form was less important than what?,form,C,shapeless,quality,function,change shape,chaos
eaf980db7e945b1cf6d648fa55ddcb5e,What is the feeling of one having fun?,having fun,B,smiling,pleasure,hurt,injuries,laughter
c96a86957a9ab1d8ca0aeeb7f040d87a_1,"There were times where kids wanted to know a definition, so there was a nice big dictionary in the what?",dictionary,B,pocket,classroom,table,library,shelf
1a4e83b433620cb2d7d806882f8d57e4,What is it called when a person with mental illness is able to lead a relatively normal life?,mental illness,A,managed,effectively treated,recur,cause delusion,illusion
a617eb4d27edea93e7fd630ce00c8219,If you want to kill someone you can do what to them with a gun?,kill,C,sip through,damnation,shoot,commit crime,eat breakfast
d725f1c2e150a3221de31612123f3f46,What do you do when you're going to market?,going to market,A,buy food,see other people,buying vegetables,buy a fat pig,traveling
3e536d9253bfac45de83e8ee291ca143,Where might it be hard to get furniture to?,furniture,B,apartment,loft,store,rug,stairs
95a85df48902d23eb3fda25a99fca1a0,What is it called when two people in love have children?,love,B,take oath,procreate,matrimony,please parents,live life
6b1f5ebd9d0dbc7e34a598456a6091a8,It's dangerous to let pet birds free so it's better to keep them what?,free,C,slavery,caught,caged in,topfree,prisoner
4499ebd5e8188b0d5fdef6afd893017a,"I took my seat, the curtains drew back and I enjoyed the what?",seat,E,airplane,movie,auditorium,theatre,show
19dfd55e967dacd6f5700a62c1e14eee,What type of store would have lots of sports equipment?,sports equipment,D,mall,office supply store,school,sporting goods store,sporting event
41fac392c6a5827c1b6682d5d3798e59,"John was my neighbor, it was easy to talk to him. He was never what?",neighbour,B,away,distant,remote person,bore,foe
dbdad44029098d4b1d202d6d857d6092,Where are you likely to set papers while working on them?,papers,A,table,meeting,drawer,toilet,garage
8272f08792b873885f93d4c148e307e5,The water in clouds turn in to what when it gets cold?,water,B,typhoon,snowflake,laddle,teardrops,sink
dc964e4f6df6b70815e81e466d0ff717,If you jump in any of the oceans you will get?,oceans,B,tanned,wet,wide,very deep,fish
a15d564d0be6996251b5d523ac62db2a,Why is it hard for a young child to read a long book?,book,E,knowledge,cover,no pictures,past,many words
7bb279e38a1c9eb47a0c7af979a131a2,What is a tactic used to interfere with learning about science?,learning about science,D,repetition,sense of wonder,accidents,intimidation,increased knowledge
7bff23f6c12e9136f0961514bebb8cd3,If you aren't well rested and it's a rainy day what might you do?,rainy day,D,sleep,write,make bread,stay in bed,enjoy film
99e0b2ddf88ebed98b977043b7c2331b,John wanted scatter his wife's remains in a lake in the wilderness.  He had to delay before of where he lived.  Where did he live?,lake,E,mountains,dead body,pay debts,state park,new york
5bba03b425f5abc6e017f194cf074b06,Many homes in this country are built around a courtyard. Where is it?,courtyard,B,candidate,spain,lawn,asshole,office complex
ec882fc3a9bfaeae2a26fe31c2ef2c07,Where did you meet your best friend since Kindergarten?,friends,B,friend's house,school,fraternity house,internet cafe,airplane
8bbfe8cd056d612e9d3190f278bef287,"If I keep getting crumbs under my table, what should I put under it?",table,C,conference,neighbor's house,rug,net,card room
46351b3a6beb694c5f623583a3b1473d,What language type is someone from Iran likely to use?,light source,B,books,dard,sky,closed room,television
6386bcf080633bc3eeb3317a5435b7b7,The gimmicky low brow TV show was about animals when they what?,animals,E,sick,mammals,males,bite,attack
24ceaf5c10863e73919b5f1b0f2db38e,"I'm having some food at my party, what will I need to serve it?",food,E,zoo,pan,bowl,kitchen,spoon
b4cde6a56fb19afc84876ebf2fb9e71a,Where would you find a toy soldier that is being played with?,toy soldier,C,toy box,movies,child's hand,toybos,child park
ac6378b5e8462dc1bde1155d706213d8,What is likely to have a better school cafeteria?,school cafeteria,C,high school,canteen,polytechnic,large room,all kinds of schools
ec86900559a0faf2aef066e511a4cfa6,what do you fill with ink to write?,ink,B,squid,fountain pen,pencil case,newspaper,printer
912676495cceefadccbbf8c604486f97,What very large group of western citizens has bees everywhere?,bee,A,united states,space station,trash can,field of flowers,bouquet of flowers
9c596382ea15768f95b5ef9ceec191dc,"The bell rang, and the congregation began to what in to the church?",bell,C,run away,wind instrument,funnel,blunderbuss,associated with telephones
f4bb8ecacb9ce89e040f5f76bc79afb3,How can people fulfill their own calorie requirements?,people,B,compete with each other,feed themselves,feel lonely,talk to each other,ask a doctor
315baf79f8dd3673f67a90de0758240e,Where is the control room that controls a PWR located?,control room,E,building,factory,window,prison,nuclear power plant
26bd85f05d29863ed777a4f1a4b8fa63,What would you need if you want to smoke?,smoke,D,you're stupid,kill yourself,roll joint,cigarette,lighter fluid.
80930e9df9ac4ad752749a54e7fc124f_1,I house outside the center of a community is said to be where?,house,B,city,subdivision,newspaper,residential area,street
60e8f1a86d4063895f340cd1e3c55f50,What is likely to happen to someone who is learning?,learning,C,overconfidence,effectiveness,knowing more,head grows larger,growth
1ab746bcd100ccf513055fe93c61010b,"The tourist entered Mammoth cave, what state were they in?",cave,B,west virginia,kentucky,rocky hills,scotland,canyon
fb35c7aa5694bab2cde4b7257bfae003,What kind of status is the bald eagle given?,bald eagle,C,outside,world,protection,colorado,america
07b51b231a9d6a143d8a73e69121e1b1,What is the best way to begin going into trance?,going into trance,B,religious experience,closed eyes,loss of control,sleep,hallucination
e145618c2062eb9ea8928fdb0d42185e,Where would I not want a fox?,fox,A,hen house,english hunt,mountains,outside bedroom window,england
26ce83b8e9a263079aa8cdbd5258d667,"The man tried to reply to the woman, but he had difficulty keeping track of conversations that he didn't do what to?",reply,A,initiate,ignore,question,answer,ask
30e66db11e0257a14a17108b90cd69fb,"Jan tested the current, and noticed that it was high.  He thought that the wires might have too much what?",current,D,later,updated,still,resistance,now
80c19c62338edae0e8a1f5c6fec0d29a,Where is food likely to stay dry?,food,B,etna,cupboard,oven,stomach,fridge
24eebfa678112100803da16dde148b2d,Where would you put a container can after you buy it?,container can,E,pantry,store,gas,liquid,garage
4c968fa73699a38639ba3ffa1745bc21,What event might one buy tickets for seats?,seats,B,park,show,auditorium,movies,rest area
c410a4626dfce4b4cfd3e5937602cd77,"After recovering from the disease, what did the doctor call the patient?",disease,A,healthy,passing around,cure,wellness,healthy
715583129369c0c5c9f499c93a1c095e,The potato might be the official vegetable of what?,potato,E,vegans,kitchen cupboard,restaurants,chicken,maryland
1db19a32a3edbff9981976dc9ec800ce,"If a small flying animal picks up a string, where are they taking it?",string,A,bird's nest,park,guitar,kite,quark
b231a732a3fdf0621391e7e385f8d651,"The child was getting many gifts for his birthday, his father reminded him to do what after opening each one?",getting,D,show appreciation,asking for,exchanging,say thank,smile
42c46e28baf0fc617a07419286178c0a,You can find a monkey in what West African region on the Gulf of Guinea,monkey,E,south american country,rain forest,pay debts,works,nigeria
31bd05ba62a16ee35217224b98c6baea,What is a person likely to experience after they stop being married to a mean person?,stopping being married to,C,isolation,grief,happiness,relief,angry
bcc5dd6292a64d8fa17cd07c360b335d,"The player lifted his cornet and walked in rhythm, what was the player a member of?",cornet,C,museum,high school band,marching band,orchestra,band
e4976ee741cf4b28b8a42780ffb15774,What is made up of people?,people,B,buildings,audience,apartment,classroom,falling down
952cf4b2f7a434b2eeae9f4c7ed89c0a,They were hoping their campaign would create a rise in awareness of the problem and hopefully do what to its effect?,rise,E,set,fall,park,descend,reduce
487cabfcd776d89748ee7e7bb681ad59,Why do young people swallow semen ?,swallow semen,C,you're into,prostitute,you're curious,curiosity,heterosexual woman in love
0e6a005eec5e6746f3facf4d608bfd8b,A story about World War II would be set when?,story,D,book or library,book or magazine,newspaper,past,future
83dad4fe630fddbdcd5b18ef890c66f2,What is the likely result of buying products in excess?,buying products,E,running out of money,spending money,poverty,comparison shopping,overstocking
ec5a336080e37fbe95d72ad5f9c65ba7,If a person with mental illness stops treatment what will likely happen?,mental illness,C,managed,dancing,recur,effectively treated,cause suffering
d910859b9d1acae40456dbeaa8334bc0,"James slamed into someone playing football, and not for the first time.  He was concerned about the consequences of many what?",playing football,C,exhilaration,interactions,head injuries,death,having fun
e5ebbe0ea4097bb197ac525b49108362,what is printed with ink and distributed daily?,ink,C,fountain pen,squid,newspaper,book,printer
81e016974d33fe383c848b6c819791cd,For what entity should the government work?,government,A,country,democracy,canada,civilization,tax office
66275550d64d16339c944e6a6d63eb5b,What attraction is sometimes so large that you need a map to find your way around?,map,A,amusement park,truck stop,mcdonalds,backpack,classroom
449de58e919975867255218484a9fc89,"If you want to learn about the world and understand the real reasons behind cultural norms and mores, you have achieved a sense of what?",learning about world,A,enlightenment,open mind,confusion,smartness,anger
159d50e325b59c6d29ec371500e173b4,What is a form of anaerobic exercising?,exercising,E,shortness of breath,lift weights,error,fall down,run
eb6807290df71b040e2c7bcc5d11fdea,"If a person stutters when he experiences anxiety or excitement, he'll have difficult doing what?",excitement,A,express information,dance,library,go somewhere,study
f8a2cbc7189b92a809ce9cd857030621,Stabbing to death of a person is what sort of way to die?,stabbing to death,B,pool of blood,gruesome,charming,being arrested,killing
cf33e0f5891ce53a716432be06a46ee1,What would be happening if you are pretending to be a police officer?,pretending,C,fighting,misunderstanding,deception,play,distrust
76b6f0765a3b2fba71021f902142edc0,Why would you be watching tv instead of doing something else?,watching tv,C,headache,laughter,laziness,erections,wasting time
8d3dc21a53523850ec80771daaa5ff20,James wanted to find an old underground map from the 50s.  Where might he look for one?,underground map,A,library,subway station,county engineer's office,super market,home
cef855ec07c66a731741026c2839b0d3,"The student explained he had a clue what neuroepithelium was and got really nervous, he then lost his balance because a what issue?",neuroepithelium,C,tastebud,retina,inner ear,nasal cavity,autistic
56d0fc282a144565f2c852415c6fa92c,What does a person often feel about someone judging them guilty?,judging,C,controversy,responsibility,resentment,judge feelings,hurt feelings
3957ac6bab96fc9d4f173ada4692d16b,What do people do when they think too quickly?,people,A,jump to conclusions,hurry home,build trust,pay bills,sing
1a8fbab20bbdf0bbf3961894662d5f7c,"You have to a lot of thinking while studying a new subject, but it is how you gain what?",thinking,E,fatigue,depression,best way,weight,knowledge
8c8052980e357545398d27d1c3c832d8,What has a shelf that does not allow you to see what is inside of it?,shelf,A,chest of drawers,stove,hold alcohol,bookcase,grocery store
8086f022f2d4a4888ae1f8c7e4541ab9,How can someone die from eating hamburger?,eating hamburger,C,gas,getting full,mad cow disease,death,feel full
27f2074270ea8a5e8f5ec2a017ec4a50,"Dan was a farmer with just one heifer.  But that was okay, he only kept her for milk, and he didn't think he'd find good farmland in a place as cold as where?",heifer,C,arizona,farm yard,michigan,german field,dairy farm
8b23cd355ffc8b6e7aa5459ffb21b4e0,Where is a dining area likely to be small?,dining area,B,cruise ship,home,mall,restaurant,dark cave
aa7c4c351cf8d59792aa68e3de339db4,Christians believe you will go to heaven if you're what?,dying,B,unable to work,born again,change of color,dead,no longer exist
aa984e2b487d08889bc0c73bab5ac945,If someone laughs after surprising them they have a good sense of what?,surprising,D,joy,fight,frightened,humor,laughter
3b9ccdcb1c932c46a38e040d3e6c7f5b,A statue that shoots liquid is called a what?,statue,A,water fountain,large city,museum,pool,central park
e53ba4c7d2a818bdb6001e6924bc8896,What do the terms need to be in order to compete against someone?,compete against,B,cheat,fair,in competition,practice,sabotage
44120a9443c619d98ce5bfe4bb219c43,Where are traveling clothes often kept?,clothes,A,suitcase,bedroom,closet,draws,dresser
cebc07bd5080cc72862cb333b10d782d,"Joe is a  squirrel, which is an animal. He probably lives in what sort of place.",animal,C,pet store,outside,woodland,ocean,cafe
790b3f583e9bc9424c771691ecc70c20,Where can you buy a two wheel transportation machine?,wheel,D,boat,michigan,train station,bicycle shop,trunk of car
520b0eea9148e3cb4d45aa69a55491eb,What kind of cold storage could you find in your house?,cold storage,E,ice pack,freezer,laboratory,warehouse,refrigerator
3fdc0c422c524c994b9911a17f1f1834,"A showroom feature washers and refrigerators, where is this showroom located?",showroom,A,appliance store,vegas,electronics store,car dealership,kitchen
c7526b682e64f355384631b35cd78fc9,Dan fell off a bar stool.  He did this because he was what than ever before?,bar stool,B,kitchen,drunker,tavern,restaurant,shorter
3c90a632f46aeab11fbb73aa59a33892,What is something children can do while traveling in a car?,children,A,listen to music,watch television,play chess,walk,play basketball
57f92025d860e32c4e780c0d51c1c20c,What would vinyl be an odd thing to replace?,vinyl,E,pants,record albums,record store,cheese,wallpaper
6bc3ebcfd04965c25bde71339955746c,What is the purpose of playing games for children?,playing games,B,winning,learning,losing,fatigue,skill
3f4b48708d08f8bf7bec796531023f9c,"Billy was reading the newspaper as he commuted to work, but once he got to his destination he balled it up and put it somewhere. Where did it put it?",newspaper,A,trash,floor,subway,ground,lawn
c82ed0c2a2e115452b4d596c5faafbcf,What is a treat that you dog will enjoy?,dog,D,salad,petted,affection,bone,lots of attention
74ad13a03634e79c85382f1b90969b74,What is likely to satisfy someone's curiosity?,curiosity,A,hear news,read book,see favorite show,comedy show,go somewhere
a90f9197a13c64089c9ba95bcba275ad,All the power tools like the drill used for fixing cars made for a very loud workplace where?,drill,D,basement,work shop,tool shed,repair shop,store room
7d937233b4a9043da0b976dbd42d141b,What is a possible outcome for committing murder?,committing murder,D,problems,incarceration,trial,imprisonment,prosecution
7ea57ee4580042b0a6a40479c8ace3e4,What does a person from Avalon live in?,person,C,pain,meaningful work,english house,cotton candy,headache
506c2dbfe7b00a82bfdf0507a8de88fb,Who is not famous for a superhighway with no speed limit?,superhighway,E,europe,germany,industrialized country,city,america
59eb56f366407ac7db72996be265883b,Joe owned back taxes as well as what other type of taxes?,back,E,anterior,front,main,front,current
e75e0c11e2d5a7b634455a1b4b76856c,What would be necessary for getting in shape?,getting in shape,B,good health,exercise,muscle tone,sweat,feel better
6a29b657b29e1506284d8328dffbbd21,If you have a child who gets in trouble for being hyperactive you may need to teach them how to what down?,trouble,B,park,calm,being good,good behavior,safe
6efaeb796307036719635242fa5ad0f3,When someone is physically competing what does their body do?,competing,E,tension,perform better,releases heat,winning or losing,sweat
17d9bfaee1efac51b1ca240125bc5977,What does a self assured person often do?,person,D,acknowledgment,focused,know what time,feel important,trust himself
d47986deb91d64b2b15d385da3d2f483,"The pitcher stepped on the mound ready to throw, where was he located specifically?",mound,E,hell,baseball stadium,golf course,africa,baseball diamond
d6bb990e8c409d2b3af37a2da198e01f,Kramer wrote a self-referential book.  What might that book be about?,book,B,counter,coffee table,school room,backpack,bedside table
e63a210053cf7f961ca0b5a7e6eb355d,The end of the barrel of what primitive firearm is bell shaped?,bell,C,barbell,funnel,blunderbuss,wind instrument,kettlebell
b5baf77d3855935c87f01f5fb2216667,"If a person were going to bed, what would be their goal?",going to bed,D,lazy,insomnia,rest,falling asleep,dreaming of
273d0134e8ce53d4ebcf41ca7fde02af,Where could you find hundreds of thousands of home?,home,D,field,neighborhood,star can,city or town,apartment building
f11a2975898033893d6a38f75d791fdf,What can machines do that humans cannot?,machines,E,fail to work,perform work,answering questions,see work,fly
029e36d8f65982b142c319064dc5e32f,What are people likely to do when an unexpected decent outcome occurs?,people,B,kill each other,thank god,experience pain,hatred,talk to each other
a2cd03ed068f6d613e85f3a60f4db0a1,"The traveling business man was glad his credit card had perks, it offset the high prices for travel from a what?",high prices,C,car,theatre,airport,hotel,disneyland
d6ff2d749494d89e9c7a53f587c519f4,"The couple explained they were having trouble communicating, it seemed every conversation took great what?",communicating,B,thinking,effort,laugh,force,medium
ad769851a59375865607452d3bf2a45d,Why does someone want to examine thing closely?,examine thing,B,buy,learn about,buy,complex,interesting
20a3bb788cf408d9a3e25e610fe60905,In what kind of environment does an anemone live?,anemone,D,nursery,south pacific,desert,sea water,atlantic ocean
9b4bbf3c4d24ecdb4b27320afb706808,Where would you find people standing in a line outside?,people,A,bus depot,end of line,opera,neighbor's house,meeting
e89a2762d578cb7bc2cc0a5b2a16d933,What kind of feelings does buying presents for others create?,buy presents for others,E,tears,please,like,thank,make happy
6195ed74cf445cb5d991e1076a080dde,There was many a bottle to choose from behind the cashier where?,bottle,D,grocery store,diaper bag,gas station,liquor store,medicine cabinet
f18833ace65a54709377134168b457a9,Where might the stapler be if I cannot find it?,stapler,C,office building,office supply store,desk drawer,with dwight,desktop
8becd2ee4e86258566a9c2b0e6d9544e,If you're going to a party in a new town what are you hoping to make?,going to party,B,getting drunk,making new friends,new contacts,doing drugs,set home
43cec0fff43a976fade9112d02b66021,What green area is a marmot likely to be found in?,marmot,A,countryside,great plains,encyclopedia,jungle,north america
489a082aab43dd1a53f3f1f89c2365ed,Children's behavior is a direct reflection of their what?,children,A,parents,old people,play ball,many adults,grown ups
fee5f4e9d8e37f0183e36eb9b8dbcbb9,"Joan wants to cook a potato, where should she place it?",potato,A,boiling water,paper bag,restaurants,underground,cupboard
bbe0a1ad733e5699f991ff91b3712a6f,Why would you take a bus to work?,take bus,A,commute,flying,get somewhere,travel,go home
1342c6aec9f5179d6ea6fa5fefbe5188,One of the potential hazards of attending school is what?,attending school,D,cooties,get smart,boredom,colds and flu,taking tests
3b4dcfcab4726496bdbe9535cc669082,"He has lactose intolerant, but was eating dinner made of cheese, what followed for him?",eating dinner,D,digestive,feel better,sleepiness,indigestion,illness
8b25332de2894ab38784235838d38cec,"If the president wanted to ban snakes, where would he issue such a decree?",snake,E,street,tropical forest,garden of eden,new mexico,white house
335b51bd3a8ada014bbe6754dcbd425f,Where are there likely to be a variety of flats to choose from?,flat,C,london,apartment building,city,falling down,town
38e61d4be0da46b3cbbd76dc20bce677,Mandy lived in a train station.  She longed to see distant places. Where might she imagine going?,train station,D,downtown area,centre of town,bedroom,europe,big city
5393ba1ce298bd1ac4744c07d7373a9c,"When you get an F, you fail. If you get A's you are?",fail,D,passed,completing,passed,passing,succeeding
061f326d2a87a10da6316b55bd5522bd,John bought a new water hose.  But he found his old one near his car.  Where did he find the old one?,hose,D,garden shed,hardware store,greenhouse,garage,in a van
0c1efb38e023ee9725486fbec4f2d797,"He looked at the field of pumps, all slowing churning oil out of the what?",oil,D,manual,street,restaurant,ground,service station
c036ce033bc429ac1aba0a6ac8d057e1,"Something had the nerve to break into the garbage last night, what did it?",nerve,B,eyes,animal,fingertips,brainstem,human body
3a6140e475cbbd3ee1da5ba9a6953597_1,Where would you expect to find a dictionary along side other writings you can borrow?,dictionary,E,classroom,shelf,explain meaning of words,table,library
c5ad166ab5c5f5f067aa02b20f482523,"Of all the sports, Billy enjoys football, but what does his concerned mother think of the sport?",sports,E,very entertaining,fun,slow,competitive,violent
9d97e2bb458d93a8bafe4380b08727e3,Where is there a telephone book in almost every room?,telephone book,A,at hotel,house,library,bedsit,closet
7b7941b883328ad39048d4dfb1eb5623,Sally thought that competing wasn't worth the risk. If she pushed more what might happen?,competing,E,pressure,trying harder,put harder,enemies,death
dbcedaa6a6f1f68bc8f2bf7aef23294e,What do people feel after having sex that requires them to shower?,sex,E,bedroom,pleasant,obesity,painful,dirty
fb54a118d46b2776e435d411ae3dd9c8,What happens when you go somewhere and forget something at home?,go somewhere,D,arriving,arrive there,turn around,go back,fart
cce13a32fedb997c017d3fac87c34912,How might releasing energy that has built up feel?,releasing energy,B,damage,wonderful,exhaustion,orgasm,lazy
113aaea2b1a27a976547f54e531d99bb,Where is a doormat likely to be in front of?,doormat,B,facade,front door,doorway,entrance porch,hallway
bdcfbe2132295d437e4c5701085f19c0,If you are prone to postpone work what will you have to do in order to finish on time?,postpone,B,eat,hasten,antedate,bring forward,advance
ea6d1a739ea841be282e13789270651e,What makes someone a nomad?,person,C,unpleasant things,hangnail,have no home,have no car,schizophrenia
79c3378b7660d328902d7c0ad442a37f,What did the policemen do when they heard a cry from a distance?,policemen,E,run away,hurry along,fine motorists,direct traffic,help
6bd176cc91a2a2088807ec446c008856,where is a good place to obtain new soap?,soap,A,supermarket,washing,cabinet,own home,sink
e68fb2448fd74e402aae9982aa76e527,Where are  you likely to find a hamburger?,hamburger,A,fast food restaurant,pizza,ground up dead cows,mouth,cow carcus
4779be55f47a301debfc472e4fc2c7b6,What are you using if there are speakers strapped on your ears?,speakers,B,take it all in,headphones,desktop,conference,concert
420641003ba20b966887dfac684efb17,"If you spend a long time shopping in uncomfortable shoes, you might develop what?",shopping,B,tiredness,calluses,bankruptcy,standing in line,sleepyness
bd47827418d5b8d7fb3502a398644435,"The hostess greeted the employees to the program, she then led them to their what?",hostess,D,group people,welcome guests,occupations,work room,seat customer
bbcef409e0acb71b515acc144d5b402c_1,Where would you get jeans and other wearable items to take home with you?,jeans,D,shopping mall,museum,laundromat,clothing store,bedroom
78276a4eab6e8d6b9ae3749211816977,"Sean was a wreck.  He  loved to build houses, but in his current state, he couldn't do what?",wreck,C,stand up,produce,construct,make,build
d6c002d46d9bfa466637cec4a134f332,How many hours are in a day?,day,D,week,bright,night,twenty four,year
2c9f4a98ce774cd734b6e384d95051a7,"They children loved having a back yard, and the parents loved that it was a safe what?",back yard,B,suburb,neighborhood,back of house,roundabout,property
3d9c3253e24fb108cea9083e8a853cf2,"Bill wanted to pick up a stranger, preferably a responsible one with kids.  Where might he look for one?",stranger,D,bus station,paradise,train station,park,sea
52ab95f9216f1994e37cc08f7f258f13,What happens when driving?,driving,C,lack of fuel,paint scratching,wheels turning,tire wear,traffic accident
b9b82aa4c236cd342ff95455b8516a42,Sitting down quickly after eating beans could lead to what?,sitting down,A,flatulence,happiness,laziness,fall asleep,comfort
a4892551cb4beb279653ae52d0de4c89,What island country is ferret popular?,ferret,C,own home,north carolina,great britain,hutch,outdoors
e1f90cd664a6b150291e6d8444d85c54,I did not need a servant.  I was not a what?,servant,B,freedom,rich person,hired help,in charge,busy
15b090801256085ad465e74af47cbee9,Why are dogs often known as man's best friend?,dogs,C,aggressive,friendly,very loyal,found outside,very smart
28357ebf85f8bb82b6a3210c4397e0aa,Where would you put a plate immediately after eating from it?,plate,D,kitchen cupboard,floor,table,dishwasher,flea market
e18dd9ffc7b7934c39f2b5e9dee5a8c2,"The person wasn't bothered by the weather, she had remembered to bring her what?",person,E,read book,own house,apartment,more rice,warm coat
27c523eb9099d2eec66296558eb4448e,"The child didn't know the problems his mother was going through, all he had was what for her?",child,C,care,balloon,loved,become adult,learn
83c25b9a5db5f9b3fd1ff6c7453d23d0,What does a gambler do that causes him or her to be unhappy?,gambler,C,play cards,double winnings,lose money,play poker,to win the prize
2ec7f8fe7948f9997e73f9bff7ba6e05,What do most companies not want to have relative to demand?,want,A,oversupply,plentitude,stockpile,superabundance,busy
b9e04a53c0ee7325b901de4d12d56884,Where do you keep musical instrument so it doesn't get scratched?,musical instrument,C,bank,orchestra,case,music room,movie
761b0f6c68b1540949b70f76a9e67c78,If someone rules the universe of what are they in charge?,rule,C,classroom,football game,everything,text book,lawbook
e1d354cbfcd620e5dacf83c17746c4b3,Joe found spiders while checking something outside.  What might that be?,spiders,D,cupboard,closet,storage bag,mail box,garage
cc46d936bf69d69a3863b0cb85d75c17,He was beginning to regret taking the fight when he saw how what his opponent was?,regret,D,fun,joy,satisfaction,confident,pride
46bc1a50eeead10509a43a048e01194e,Where would you find a single shower curtain being used?,shower curtain,A,bathtub,washing area,hotel,shower stall,department store
d807e7ae60976324920c8d29eb42dad6,Where does a heifer's master live?,heifer,A,farm house,barnyard,stockyard,slaughter house,eat cake
a7e3de0719fe30e7048f67426e29fdd1,James tore the antenna off of his boat due to bad reception as he was crossing the channel from France.  Where was he going?,channel,D,river,television,india,england,europe
4858669d0193e5d9384dc37d4bb5c00c,Where do play a game for money?,game,A,casino,football ground,ballpark,family room,toy store
4423c006f2a43f222d4c4e97360c25d3,"The fresh herbs, flowers, and vegetables will shrivel up if people don't do this?",people,A,water plants,believe in god,drive to the nearest pool,speaking english,raise children
b9bed83138901f4a45041b02c5b242c1,"The business man was promoted recently, to celebrate he went where to buy an expensive wristwatch?",wristwatch,B,case,jewelry store,shopping,jewelery box,hock
c1aebf059c5102f4e773f7fe4afe13f0,When someone has little knowledge and is judging someone they are considered what?,judging,D,objectivity,knowing yourself,experience,ignorance,introduction
22fc45d9e6d0baea4a5b0526504225b8,What might a person be watching if they see a man with a suitcase full of money?,suitcase,B,baggage compartment,movie,subway,airplane,cargo hold
d0c67c7ae6f2361fe237110455127866,What region of a west coast U.S. city would you find a Japanese restaurant?,japanese restaurant,C,california,tokio,downtown,narnia,large town
84ea43b967259814d939c62131f74df0,"Seeing idea become reality was a dream of hers for a long time, but as the time came to get on stage she had more what?",seeing idea become reality,B,build,anxiety,celebrate,very nice,ocean
dd4a811d18549f1ae1954cf938b28536,"They were searching for rocks, so they missed the birds overhead as they stared at the what?",rocks,A,ground,drawer,surface of earth,pizza,waterfall
edbb57ac2f476679ae547f75ec2bef3e,John saw a fox running along the beach and was glad to be on the east coast.  Where might he have been?,fox,B,tennessee,south carolina,louisiana,oklahoma,mountains
611a4cc0e288b8a11afa923f48cb2ab4,When did mammoth's live?,mammoth,E,boscage,forest,prehistory,prehistoric times,ancient times
55478486079423907508a06be13ca536,Where outside of a city would a squirrel live?,squirrel,C,roof,inside home,forest,yard,park
b62d7d1b5eec31be0b65146a9fc069e0,What will god never do according to religion?,god,B,anything,judge people,work miracles,judge men,everywhere
6915dfdefe3b1cd5fd8886c8bb84929a,"Sally was standing in queue.  The line was very, very slow.  What was she feeling?",standing in queue,A,frustration,delays,being annoyed,moving forward,progress
d64a676e9d22e7edd12e7f4ce267a9f0,What do you go to see for live entertainment?,entertainment,B,movie,show,concert venue,casino,theatre
118a9093a30695622363455e4d911866,In what Spanish speaking North American country can you get a great cup of coffee?,cup of coffee,B,mildred's coffee shop,mexico,diner,kitchen,canteen
2ef2ae21a2d3a9ecbd5c45ff378d10e3,Sally was afraid of danger and always double checked what?,danger,D,fight enemy,secure,being safe,safety,vicinity
22b8219d43a38a1130e0a35ece152337,Where might an alien use a vacuum?,vacuum,A,space,closet,kitchen,orbit,container
2d2b69ad187b7c40273ab13caab7dc19,What type of geographic area will you find a marmot?,marmot,A,mountainous area,wood pile,jungle,petting zoo,animals
9698232e3599157431c9dc8f2fe179cd,What is the hopeful result of going to see a play?,going to play,B,sit,being entertained,jobless,meet,laugh
059155c50d1b04da7373e309868e67d2,"If I put in my key and open a hinged door, where am I likely entering?",hinged door,C,kitchen,safe,own house,building,pantry
65435b996ce9d1685bebb74b49c1ba7f,Blue read material outside of his comfort zone because he wanted to gain what?,reading,A,new perspective,entertained,understanding,hunger,tired eyes
4a4f6408fae400ce0beb5bea0f9913e9,Where is a drug kept in a home bathroom?,drug,E,nursery,ghetto,cupboard,pharmacy,medicine cabinet
7f25dbab26165b3c8800c2733ca759d6,John was an aristocratic fox hunter.  Where might he live?,fox,B,england,new hampshire,street,arkansas,north dakota
8f2976690c83be6b8fa3a1196dfd9722,Jesse  enjoyed remembering the past because he helped him understand it.  And understanding the past helped him with doing what?,remembering,E,phoning,nostalgia,writing down,active,being prepared
484f6e4fb8e6431b010c299490b72e3c,When you slip from a ladder propped on anything what will you do?,anything,B,obesity,fall down,matter to,whatever,surprise
1f492f556fae64f72ce36b6caa242dd0,"Steve thought that it was possible, but he agreed that it was what?",possible,C,no go,unable,unlikely,impossibility,cant do
39572e0ba1db51fa74f7fc2d90c5ec7f,Where would you get some wood if you do not have any?,wood,D,carpet,boat,river,lumberyard,synagogue
7c95d753943c58757fe6e1ccff8aea14,"His parents thought he was suffering from boredom, but the teen loved to lay in bed and just do what?",boredom,C,meet interesting people,lift weights,listen to music,play chess,entertain
c908d7c4633c5e6add9463bdd47cb27e,"If while driving to work another car makes a careless maneuver, what emotion might you feel?",driving to work,E,boredom,happiness,transportation cost,getting there,road rage
99789083502af9bf111876a00fae44ac,If not in a stream but in a market where will you find fish?,fish,C,stream,aquarium,refrigerator,boat ride,market
b0f7d7978ac41c465108a92660d70e84,When wildlife reproduce we often refer to what comes out as what?,reproduce,D,raise children,have children,photo copy,offspring,accidently got pregnant somehow
720b98fbc365736597147c984f6bd301,"The cancer patient was expecting to die, so he made out his what?",die,B,not to live,write will,never want,seek help,go to hell
b1d5cdbf8ef7b3954a6a352bd4df5866,"The merchant wanted to open in a high-traffic space, where did he rent space?",merchant,A,mall,business,store,sale,sell goods
91f512273a2da7ae796919069b20d6cf,"Because John was first violin, he had to bring something important to work ever day. What did he need to bring to work?",first violin,E,music store,obesity,symphony orchestra,ochestra,violin case
5215e26c99b2a9b376fb1c70096a388a,"They passed a apple tree on their way to the racetrack, the were going to watch the biggest motorsport spectacle in the world where?",apple tree,B,maryland,indiana,on tv,park,new jersey
e3949997bf9d02048cfa5d8dd0f287aa,Seafood restaurants are used to draw tourists where?,seafood restaurant,E,maine,shoe shop,city,boston,coastal cities
af3b9a8b1962cd3bcd19e644d873e7bc,"The hardcovers were especially tall, so he removed a shelf on the what to make room?",shelf,E,chest of drawers,grocery store,hold alcohol,nightstand,bookcase
49b4c9e1bd7946a819e173ce8fa4c7c9,The teacher doesn't tolerate noise during a test in their what?,noise,E,movie theatre,bowling alley,factory,store,classroom
fce1c5d069758aea57a787fc98dcf7a9,Where is a great place to buy fresh fruit?,fruit,E,san francisco,refrigerator,big box retailer,tree,market
3526550b02d9594abd4fc43553010fc6,"The dad wanted to protect his house, where did he put his gun?",gun,D,police station,crime scene,restroom,drawer,holster
26c854d933d2115e7636fdcde57eb463,Athletes soak in hot tubs to relieve what after playing baseball?,playing baseball,E,fame,errors,pain,strikes,sore muscles
6a1bf527af9ed0685ac5e2bf0bd76647,Riding a bike for a long time can cause what?,riding bike,B,enjoyment,fatigue,falling down,getting lost,thirst
821b32d39f57396979069b948030afe9,The kids didn't clean up after they had done what?,kids,D,learn things,play games,disneyland,play with toys,talking
7a28d31e66d870370642de3be47b9ef9,Because of his anger he couldn't clearly explain or what?,anger,D,cool off,write letter,get mad,illustrate point,destroy enemy
3310b5b24f03d67179fababf9ae95144,"The field general began to write out a letter to the king, he was told to send what when the enemy was near?",letter,C,syllable,english alphabet,word,email,invitation
